beds,baths,sq__ft,sale_date,price
2,1,836,Wed May 21 00:00:00 EDT 2008,59222
3,1,1167,Wed May 21 00:00:00 EDT 2008,68212
2,1,796,Wed May 21 00:00:00 EDT 2008,68880
2,1,852,Wed May 21 00:00:00 EDT 2008,69307
2,1,797,Wed May 21 00:00:00 EDT 2008,81900
3,1,1122,Wed May 21 00:00:00 EDT 2008,89921
3,2,1104,Wed May 21 00:00:00 EDT 2008,90895
3,1,1177,Wed May 21 00:00:00 EDT 2008,91002
2,2,941,Wed May 21 00:00:00 EDT 2008,94905
3,2,1146,Wed May 21 00:00:00 EDT 2008,98937
3,2,909,Wed May 21 00:00:00 EDT 2008,100309
3,2,1289,Wed May 21 00:00:00 EDT 2008,106250
1,1,871,Wed May 21 00:00:00 EDT 2008,106852
3,1,1020,Wed May 21 00:00:00 EDT 2008,107502
2,2,1022,Wed May 21 00:00:00 EDT 2008,108750
2,2,1134,Wed May 21 00:00:00 EDT 2008,110700
2,1,844,Wed May 21 00:00:00 EDT 2008,113263
2,1,795,Wed May 21 00:00:00 EDT 2008,116250
2,1,588,Wed May 21 00:00:00 EDT 2008,120000
3,2,1356,Wed May 21 00:00:00 EDT 2008,121630
3,2,1118,Wed May 21 00:00:00 EDT 2008,122000
4,2,1329,Wed May 21 00:00:00 EDT 2008,122682
4,2,1240,Wed May 21 00:00:00 EDT 2008,123000
3,2,1601,Wed May 21 00:00:00 EDT 2008,124100
3,2,901,Wed May 21 00:00:00 EDT 2008,125000
3,2,1088,Wed May 21 00:00:00 EDT 2008,126640
3,1,963,Wed May 21 00:00:00 EDT 2008,127281
3,2,1119,Wed May 21 00:00:00 EDT 2008,129000
4,2,1380,Wed May 21 00:00:00 EDT 2008,131200
3,2,1248,Wed May 21 00:00:00 EDT 2008,132000
2,2,1039,Wed May 21 00:00:00 EDT 2008,133000
3,2,1152,Wed May 21 00:00:00 EDT 2008,134555
3,2,1380,Wed May 21 00:00:00 EDT 2008,136500
3,2,1116,Wed May 21 00:00:00 EDT 2008,138750
2,2,1039,Wed May 21 00:00:00 EDT 2008,141000
3,2,1418,Wed May 21 00:00:00 EDT 2008,146250
3,2,1082,Wed May 21 00:00:00 EDT 2008,147308
4,2,1472,Wed May 21 00:00:00 EDT 2008,148750
4,2,1146,Wed May 21 00:00:00 EDT 2008,149593
1,1,760,Wed May 21 00:00:00 EDT 2008,150000
2,2,1304,Wed May 21 00:00:00 EDT 2008,152000
3,2,1207,Wed May 21 00:00:00 EDT 2008,154000
3,2,1056,Wed May 21 00:00:00 EDT 2008,156896
2,2,1043,Wed May 21 00:00:00 EDT 2008,161250
4,2,1587,Wed May 21 00:00:00 EDT 2008,161500
4,1,1120,Wed May 21 00:00:00 EDT 2008,164000
4,2,1580,Wed May 21 00:00:00 EDT 2008,165000
4,1,1955,Wed May 21 00:00:00 EDT 2008,166357
4,2,1656,Wed May 21 00:00:00 EDT 2008,166357
3,2,1477,Wed May 21 00:00:00 EDT 2008,168000
3,2,1188,Wed May 21 00:00:00 EDT 2008,170000
4,2,1590,Wed May 21 00:00:00 EDT 2008,173000
3,2,1463,Wed May 21 00:00:00 EDT 2008,174250
4,2,1714,Wed May 21 00:00:00 EDT 2008,174313
3,2,1185,Wed May 21 00:00:00 EDT 2008,178480
3,2,1406,Wed May 21 00:00:00 EDT 2008,178760
4,2,1943,Wed May 21 00:00:00 EDT 2008,179580
3,2,1172,Wed May 21 00:00:00 EDT 2008,181000
3,1,1152,Wed May 21 00:00:00 EDT 2008,181872
4,3,1851,Wed May 21 00:00:00 EDT 2008,182587
3,2,1215,Wed May 21 00:00:00 EDT 2008,182716
3,2,1130,Wed May 21 00:00:00 EDT 2008,182750
4,2,1603,Wed May 21 00:00:00 EDT 2008,183200
3,1,1479,Wed May 21 00:00:00 EDT 2008,188741
3,2,1420,Wed May 21 00:00:00 EDT 2008,189000
3,2,1280,Wed May 21 00:00:00 EDT 2008,192067
3,2,1586,Wed May 21 00:00:00 EDT 2008,194000
3,2,1362,Wed May 21 00:00:00 EDT 2008,194818
4,4,2162,Wed May 21 00:00:00 EDT 2008,195000
3,2,1266,Wed May 21 00:00:00 EDT 2008,198000
4,2,1715,Wed May 21 00:00:00 EDT 2008,199500
3,2,1820,Wed May 21 00:00:00 EDT 2008,200000
3,1,936,Wed May 21 00:00:00 EDT 2008,200000
0,0,0,Wed May 21 00:00:00 EDT 2008,206000
3,2,1511,Wed May 21 00:00:00 EDT 2008,208000
4,2,1590,Wed May 21 00:00:00 EDT 2008,212864
4,2,1596,Wed May 21 00:00:00 EDT 2008,221000
2,2,1341,Wed May 21 00:00:00 EDT 2008,221000
5,3,2136,Wed May 21 00:00:00 EDT 2008,223058
4,2,1616,Wed May 21 00:00:00 EDT 2008,227887
3,2,1478,Wed May 21 00:00:00 EDT 2008,231477
3,2,1287,Wed May 21 00:00:00 EDT 2008,234697
4,2,1277,Wed May 21 00:00:00 EDT 2008,235000
4,2,1448,Wed May 21 00:00:00 EDT 2008,236000
4,3,2235,Wed May 21 00:00:00 EDT 2008,236685
3,2,2093,Wed May 21 00:00:00 EDT 2008,237800
3,2,1193,Wed May 21 00:00:00 EDT 2008,240122
3,2,2163,Wed May 21 00:00:00 EDT 2008,242638
3,2,1269,Wed May 21 00:00:00 EDT 2008,244000
0,0,0,Wed May 21 00:00:00 EDT 2008,244500
3,1,958,Wed May 21 00:00:00 EDT 2008,244960
5,3,2508,Wed May 21 00:00:00 EDT 2008,245918
3,2,1305,Wed May 21 00:00:00 EDT 2008,250000
4,2,1591,Wed May 21 00:00:00 EDT 2008,250000
2,2,1326,Wed May 21 00:00:00 EDT 2008,250134
3,2,1843,Wed May 21 00:00:00 EDT 2008,254200
4,2,1921,Wed May 21 00:00:00 EDT 2008,254200
5,3,2790,Wed May 21 00:00:00 EDT 2008,258000
3,2,1541,Wed May 21 00:00:00 EDT 2008,260000
3,1,1018,Wed May 21 00:00:00 EDT 2008,260014
0,0,0,Wed May 21 00:00:00 EDT 2008,263500
3,2,1672,Wed May 21 00:00:00 EDT 2008,265000
3,2,1380,Wed May 21 00:00:00 EDT 2008,265000
3,1,975,Wed May 21 00:00:00 EDT 2008,271742
4,3,2372,Wed May 21 00:00:00 EDT 2008,273750
3,2,1446,Wed May 21 00:00:00 EDT 2008,275086
2,2,1284,Wed May 21 00:00:00 EDT 2008,280908
4,3,3009,Wed May 21 00:00:00 EDT 2008,280987
8,4,3612,Wed May 21 00:00:00 EDT 2008,282400
4,2,2056,Wed May 21 00:00:00 EDT 2008,285000
4,2,1993,Wed May 21 00:00:00 EDT 2008,287417
3,2,1857,Wed May 21 00:00:00 EDT 2008,291000
2,1,1126,Wed May 21 00:00:00 EDT 2008,292024
4,4,2213,Wed May 21 00:00:00 EDT 2008,297000
5,3,2494,Wed May 21 00:00:00 EDT 2008,297000
3,2,1843,Wed May 21 00:00:00 EDT 2008,298000
2,2,1520,Wed May 21 00:00:00 EDT 2008,299000
5,3,2800,Wed May 21 00:00:00 EDT 2008,304037
4,2,2309,Wed May 21 00:00:00 EDT 2008,311000
5,3,2367,Wed May 21 00:00:00 EDT 2008,315537
5,4,3516,Wed May 21 00:00:00 EDT 2008,320000
0,0,0,Wed May 21 00:00:00 EDT 2008,320000
4,3,1914,Wed May 21 00:00:00 EDT 2008,328360
2,1,1690,Wed May 21 00:00:00 EDT 2008,334150
3,3,2725,Wed May 21 00:00:00 EDT 2008,335750
4,3,2354,Wed May 21 00:00:00 EDT 2008,335750
0,0,0,Wed May 21 00:00:00 EDT 2008,339500
3,2,2185,Wed May 21 00:00:00 EDT 2008,344250
4,2,1801,Wed May 21 00:00:00 EDT 2008,346210
3,3,1961,Wed May 21 00:00:00 EDT 2008,347029
4,2,3134,Wed May 21 00:00:00 EDT 2008,347650
4,3,1915,Wed May 21 00:00:00 EDT 2008,351300
3,2,0,Wed May 21 00:00:00 EDT 2008,352000
0,0,0,Wed May 21 00:00:00 EDT 2008,370000
4,3,2734,Wed May 21 00:00:00 EDT 2008,370500
3,2,2110,Wed May 21 00:00:00 EDT 2008,372000
5,3,3164,Wed May 21 00:00:00 EDT 2008,375000
5,3,3599,Wed May 21 00:00:00 EDT 2008,381300
4,2,2054,Wed May 21 00:00:00 EDT 2008,381942
4,2,1830,Wed May 21 00:00:00 EDT 2008,387731
3,3,1627,Wed May 21 00:00:00 EDT 2008,391000
4,3,3440,Wed May 21 00:00:00 EDT 2008,394470
3,2,2846,Wed May 21 00:00:00 EDT 2008,395000
4,3,2359,Wed May 21 00:00:00 EDT 2008,400186
3,3,2052,Wed May 21 00:00:00 EDT 2008,415000
5,3,3433,Wed May 21 00:00:00 EDT 2008,425000
5,3,3615,Wed May 21 00:00:00 EDT 2008,430000
0,0,0,Wed May 21 00:00:00 EDT 2008,445000
5,3,2687,Wed May 21 00:00:00 EDT 2008,460000
4,3,2724,Wed May 21 00:00:00 EDT 2008,461000
4,3,3440,Wed May 21 00:00:00 EDT 2008,489332
5,4,3508,Wed May 21 00:00:00 EDT 2008,510000
4,2,2462,Wed May 21 00:00:00 EDT 2008,539000
0,0,0,Wed May 21 00:00:00 EDT 2008,585000
4,3,0,Wed May 21 00:00:00 EDT 2008,600000
4,3,0,Wed May 21 00:00:00 EDT 2008,606238
3,3,2325,Wed May 21 00:00:00 EDT 2008,660000
6,5,0,Wed May 21 00:00:00 EDT 2008,830000
2,1,795,Tue May 20 00:00:00 EDT 2008,69000
4,2,1099,Tue May 20 00:00:00 EDT 2008,70000
2,1,840,Tue May 20 00:00:00 EDT 2008,71000
2,1,800,Tue May 20 00:00:00 EDT 2008,78000
2,1,746,Tue May 20 00:00:00 EDT 2008,78400
3,1,1067,Tue May 20 00:00:00 EDT 2008,80000
4,2,1316,Tue May 20 00:00:00 EDT 2008,89000
3,1,1337,Tue May 20 00:00:00 EDT 2008,90000
2,1,868,Tue May 20 00:00:00 EDT 2008,90000
3,1,924,Tue May 20 00:00:00 EDT 2008,92000
2,1,610,Tue May 20 00:00:00 EDT 2008,93675
0,0,0,Tue May 20 00:00:00 EDT 2008,97750
2,1,1220,Tue May 20 00:00:00 EDT 2008,98000
1,1,722,Tue May 20 00:00:00 EDT 2008,98000
3,1,1643,Tue May 20 00:00:00 EDT 2008,99000
1,1,722,Tue May 20 00:00:00 EDT 2008,100000
3,1,1080,Tue May 20 00:00:00 EDT 2008,106716
3,1,1039,Tue May 20 00:00:00 EDT 2008,111000
3,1,1051,Tue May 20 00:00:00 EDT 2008,111000
2,2,967,Tue May 20 00:00:00 EDT 2008,114800
3,1,1098,Tue May 20 00:00:00 EDT 2008,120108
3,1,1050,Tue May 20 00:00:00 EDT 2008,123225
3,2,1110,Tue May 20 00:00:00 EDT 2008,123750
3,1,888,Tue May 20 00:00:00 EDT 2008,125000
3,2,1120,Tue May 20 00:00:00 EDT 2008,125000
3,2,1080,Tue May 20 00:00:00 EDT 2008,126000
3,1,957,Tue May 20 00:00:00 EDT 2008,129000
2,1,952,Tue May 20 00:00:00 EDT 2008,134000
3,2,1211,Tue May 20 00:00:00 EDT 2008,135000
3,2,1264,Tue May 20 00:00:00 EDT 2008,135500
3,1,1080,Tue May 20 00:00:00 EDT 2008,140000
3,2,1266,Tue May 20 00:00:00 EDT 2008,140000
2,2,994,Tue May 20 00:00:00 EDT 2008,142500
3,2,1202,Tue May 20 00:00:00 EDT 2008,143500
0,0,0,Tue May 20 00:00:00 EDT 2008,145000
2,1,722,Tue May 20 00:00:00 EDT 2008,145000
4,2,1448,Tue May 20 00:00:00 EDT 2008,145000
3,2,1188,Tue May 20 00:00:00 EDT 2008,145000
4,2,1183,Tue May 20 00:00:00 EDT 2008,146000
3,1,1320,Tue May 20 00:00:00 EDT 2008,148500
3,2,1117,Tue May 20 00:00:00 EDT 2008,149000
3,2,1364,Tue May 20 00:00:00 EDT 2008,150000
4,2,1310,Tue May 20 00:00:00 EDT 2008,150000
2,2,1006,Tue May 20 00:00:00 EDT 2008,152000
3,2,1104,Tue May 20 00:00:00 EDT 2008,156000
2,1,810,Tue May 20 00:00:00 EDT 2008,156000
2,2,1123,Tue May 20 00:00:00 EDT 2008,156000
2,1,904,Tue May 20 00:00:00 EDT 2008,157788
3,2,1156,Tue May 20 00:00:00 EDT 2008,161653
2,1,1321,Tue May 20 00:00:00 EDT 2008,161829
3,2,1392,Tue May 20 00:00:00 EDT 2008,165000
3,2,1439,Tue May 20 00:00:00 EDT 2008,168000
3,2,1159,Tue May 20 00:00:00 EDT 2008,169000
3,2,1671,Tue May 20 00:00:00 EDT 2008,175000
3,2,1740,Tue May 20 00:00:00 EDT 2008,176250
3,2,1265,Tue May 20 00:00:00 EDT 2008,179000
2,2,1007,Tue May 20 00:00:00 EDT 2008,180000
3,2,1716,Tue May 20 00:00:00 EDT 2008,180400
4,2,1685,Tue May 20 00:00:00 EDT 2008,182000
4,2,1829,Tue May 20 00:00:00 EDT 2008,184500
3,2,1555,Tue May 20 00:00:00 EDT 2008,185000
4,2,1120,Tue May 20 00:00:00 EDT 2008,189000
3,2,1137,Tue May 20 00:00:00 EDT 2008,194000
3,1,1174,Tue May 20 00:00:00 EDT 2008,195000
3,2,1393,Tue May 20 00:00:00 EDT 2008,200000
3,1,0,Tue May 20 00:00:00 EDT 2008,201000
4,2,0,Tue May 20 00:00:00 EDT 2008,202500
3,2,1289,Tue May 20 00:00:00 EDT 2008,205000
4,2,1799,Tue May 20 00:00:00 EDT 2008,205000
3,2,0,Tue May 20 00:00:00 EDT 2008,205000
4,3,1953,Tue May 20 00:00:00 EDT 2008,205000
2,1,723,Tue May 20 00:00:00 EDT 2008,207000
2,2,0,Tue May 20 00:00:00 EDT 2008,210000
2,1,948,Tue May 20 00:00:00 EDT 2008,211500
4,2,1578,Tue May 20 00:00:00 EDT 2008,215000
3,2,1317,Tue May 20 00:00:00 EDT 2008,215000
0,0,0,Tue May 20 00:00:00 EDT 2008,215500
3,1,1360,Tue May 20 00:00:00 EDT 2008,222381
0,0,0,Tue May 20 00:00:00 EDT 2008,225000
3,2,1522,Tue May 20 00:00:00 EDT 2008,225000
4,2,1751,Tue May 20 00:00:00 EDT 2008,225000
3,2,1465,Tue May 20 00:00:00 EDT 2008,225000
4,2,1605,Tue May 20 00:00:00 EDT 2008,228000
4,2,1475,Tue May 20 00:00:00 EDT 2008,229665
3,1,1216,Tue May 20 00:00:00 EDT 2008,230000
2,2,1315,Tue May 20 00:00:00 EDT 2008,230000
3,2,1567,Tue May 20 00:00:00 EDT 2008,230000
3,2,1776,Tue May 20 00:00:00 EDT 2008,234000
3,2,2187,Tue May 20 00:00:00 EDT 2008,235000
3,1,1291,Tue May 20 00:00:00 EDT 2008,236250
0,0,0,Tue May 20 00:00:00 EDT 2008,240000
0,0,0,Tue May 20 00:00:00 EDT 2008,242000
3,2,1503,Tue May 20 00:00:00 EDT 2008,245000
4,3,2491,Tue May 20 00:00:00 EDT 2008,245000
2,1,1269,Tue May 20 00:00:00 EDT 2008,245000
0,0,0,Tue May 20 00:00:00 EDT 2008,250000
3,2,1176,Tue May 20 00:00:00 EDT 2008,250000
4,2,1456,Tue May 20 00:00:00 EDT 2008,250000
3,2,1498,Tue May 20 00:00:00 EDT 2008,250000
3,2,1574,Tue May 20 00:00:00 EDT 2008,255000
5,4,2085,Tue May 20 00:00:00 EDT 2008,256054
3,2,2170,Tue May 20 00:00:00 EDT 2008,257729
4,2,1595,Tue May 20 00:00:00 EDT 2008,260000
3,2,1567,Tue May 20 00:00:00 EDT 2008,261000
4,2,0,Tue May 20 00:00:00 EDT 2008,261800
4,2,1253,Tue May 20 00:00:00 EDT 2008,264469
4,3,1768,Tue May 20 00:00:00 EDT 2008,265000
0,0,0,Tue May 20 00:00:00 EDT 2008,270000
4,3,2030,Tue May 20 00:00:00 EDT 2008,270000
3,2,1531,Tue May 20 00:00:00 EDT 2008,270000
0,0,0,Tue May 20 00:00:00 EDT 2008,270000
4,3,1653,Tue May 20 00:00:00 EDT 2008,275000
4,2,2056,Tue May 20 00:00:00 EDT 2008,275000
4,3,2494,Tue May 20 00:00:00 EDT 2008,280000
3,2,1450,Tue May 20 00:00:00 EDT 2008,286013
4,2,2169,Tue May 20 00:00:00 EDT 2008,292000
3,2,1440,Tue May 20 00:00:00 EDT 2008,292000
3,2,1527,Tue May 20 00:00:00 EDT 2008,293993
3,2,1401,Tue May 20 00:00:00 EDT 2008,294000
3,2,1411,Tue May 20 00:00:00 EDT 2008,296769
4,4,0,Tue May 20 00:00:00 EDT 2008,297500
0,0,0,Tue May 20 00:00:00 EDT 2008,300000
3,1,1284,Tue May 20 00:00:00 EDT 2008,300000
4,3,2307,Tue May 20 00:00:00 EDT 2008,300000
3,2,1329,Tue May 20 00:00:00 EDT 2008,300000
4,2,1910,Tue May 20 00:00:00 EDT 2008,300500
3,2,1981,Tue May 20 00:00:00 EDT 2008,305000
0,0,0,Tue May 20 00:00:00 EDT 2008,306500
0,0,0,Tue May 20 00:00:00 EDT 2008,312500
5,3,0,Tue May 20 00:00:00 EDT 2008,315000
4,2,2205,Tue May 20 00:00:00 EDT 2008,319789
2,2,1449,Tue May 20 00:00:00 EDT 2008,330000
3,2,1258,Tue May 20 00:00:00 EDT 2008,330000
3,2,2575,Tue May 20 00:00:00 EDT 2008,331000
2,1,539,Tue May 20 00:00:00 EDT 2008,334000
4,3,2208,Tue May 20 00:00:00 EDT 2008,336000
3,1,1108,Tue May 20 00:00:00 EDT 2008,339000
4,2,1595,Tue May 20 00:00:00 EDT 2008,339000
4,2,2159,Tue May 20 00:00:00 EDT 2008,345000
4,3,2295,Tue May 20 00:00:00 EDT 2008,350000
3,2,1838,Tue May 20 00:00:00 EDT 2008,356000
4,2,1900,Tue May 20 00:00:00 EDT 2008,361745
4,2,1718,Tue May 20 00:00:00 EDT 2008,361948
5,3,3389,Tue May 20 00:00:00 EDT 2008,370000
4,2,0,Tue May 20 00:00:00 EDT 2008,380000
5,4,3260,Tue May 20 00:00:00 EDT 2008,385000
3,2,2016,Tue May 20 00:00:00 EDT 2008,399000
4,2,2607,Tue May 20 00:00:00 EDT 2008,402000
4,3,2724,Tue May 20 00:00:00 EDT 2008,406026
5,4,3746,Tue May 20 00:00:00 EDT 2008,420000
0,0,0,Tue May 20 00:00:00 EDT 2008,425000
4,2,3192,Tue May 20 00:00:00 EDT 2008,425000
0,0,0,Tue May 20 00:00:00 EDT 2008,433500
4,3,0,Tue May 20 00:00:00 EDT 2008,436746
5,3,0,Tue May 20 00:00:00 EDT 2008,438700
2,1,1247,Tue May 20 00:00:00 EDT 2008,445000
4,2,2581,Tue May 20 00:00:00 EDT 2008,450000
3,1,2068,Tue May 20 00:00:00 EDT 2008,460000
3,2,0,Tue May 20 00:00:00 EDT 2008,460000
4,3,3992,Tue May 20 00:00:00 EDT 2008,460000
4,4,3397,Tue May 20 00:00:00 EDT 2008,465000
5,3,3881,Tue May 20 00:00:00 EDT 2008,471750
5,3,0,Tue May 20 00:00:00 EDT 2008,480000
2,2,1598,Tue May 20 00:00:00 EDT 2008,484000
4,3,1929,Tue May 20 00:00:00 EDT 2008,485000
4,3,3070,Tue May 20 00:00:00 EDT 2008,495000
0,0,0,Tue May 20 00:00:00 EDT 2008,500500
3,3,0,Tue May 20 00:00:00 EDT 2008,504000
0,0,0,Tue May 20 00:00:00 EDT 2008,541000
0,0,0,Tue May 20 00:00:00 EDT 2008,560000
5,3,3984,Tue May 20 00:00:00 EDT 2008,572500
4,2,2222,Tue May 20 00:00:00 EDT 2008,582000
4,3,3838,Tue May 20 00:00:00 EDT 2008,613401
4,2,0,Tue May 20 00:00:00 EDT 2008,614000
5,5,2846,Tue May 20 00:00:00 EDT 2008,680000
5,2,2484,Tue May 20 00:00:00 EDT 2008,699000
4,4,1624,Tue May 20 00:00:00 EDT 2008,839000
2,1,840,Mon May 19 00:00:00 EDT 2008,40000
1,1,484,Mon May 19 00:00:00 EDT 2008,48000
3,1,970,Mon May 19 00:00:00 EDT 2008,61500
2,1,623,Mon May 19 00:00:00 EDT 2008,62050
2,1,932,Mon May 19 00:00:00 EDT 2008,65000
2,1,796,Mon May 19 00:00:00 EDT 2008,65000
2,1,834,Mon May 19 00:00:00 EDT 2008,68000
2,1,834,Mon May 19 00:00:00 EDT 2008,68000
2,1,924,Mon May 19 00:00:00 EDT 2008,77000
2,1,795,Mon May 19 00:00:00 EDT 2008,82732
3,1,1250,Mon May 19 00:00:00 EDT 2008,84000
2,1,984,Mon May 19 00:00:00 EDT 2008,84675
3,1,1013,Mon May 19 00:00:00 EDT 2008,85000
3,1,1012,Mon May 19 00:00:00 EDT 2008,90000
2,1,795,Mon May 19 00:00:00 EDT 2008,90000
2,2,918,Mon May 19 00:00:00 EDT 2008,91000
3,1,1082,Mon May 19 00:00:00 EDT 2008,95000
2,1,964,Mon May 19 00:00:00 EDT 2008,97500
4,2,1404,Mon May 19 00:00:00 EDT 2008,100000
1,1,625,Mon May 19 00:00:00 EDT 2008,100000
2,1,888,Mon May 19 00:00:00 EDT 2008,101000
4,2,1120,Mon May 19 00:00:00 EDT 2008,102750
3,1,1331,Mon May 19 00:00:00 EDT 2008,112500
3,1,1014,Mon May 19 00:00:00 EDT 2008,113000
4,2,1448,Mon May 19 00:00:00 EDT 2008,114000
3,1,966,Mon May 19 00:00:00 EDT 2008,114000
2,1,779,Mon May 19 00:00:00 EDT 2008,114750
2,2,836,Mon May 19 00:00:00 EDT 2008,115000
2,2,1100,Mon May 19 00:00:00 EDT 2008,115000
3,1,1174,Mon May 19 00:00:00 EDT 2008,116100
3,2,1207,Mon May 19 00:00:00 EDT 2008,119250
4,4,1995,Mon May 19 00:00:00 EDT 2008,120000
2,1,804,Mon May 19 00:00:00 EDT 2008,120000
2,2,958,Mon May 19 00:00:00 EDT 2008,120000
3,2,1366,Mon May 19 00:00:00 EDT 2008,120108
2,2,901,Mon May 19 00:00:00 EDT 2008,121500
3,1,696,Mon May 19 00:00:00 EDT 2008,121725
3,2,1080,Mon May 19 00:00:00 EDT 2008,122000
3,2,1104,Mon May 19 00:00:00 EDT 2008,123000
2,1,972,Mon May 19 00:00:00 EDT 2008,125000
4,2,1390,Mon May 19 00:00:00 EDT 2008,125573
4,2,1354,Mon May 19 00:00:00 EDT 2008,126714
2,1,795,Mon May 19 00:00:00 EDT 2008,126960
2,1,780,Mon May 19 00:00:00 EDT 2008,127000
4,2,1587,Mon May 19 00:00:00 EDT 2008,127500
3,2,1209,Mon May 19 00:00:00 EDT 2008,130000
2,1,1139,Mon May 19 00:00:00 EDT 2008,133105
2,2,1690,Mon May 19 00:00:00 EDT 2008,136500
3,2,1245,Mon May 19 00:00:00 EDT 2008,139500
3,2,1416,Mon May 19 00:00:00 EDT 2008,140000
3,2,1300,Mon May 19 00:00:00 EDT 2008,140800
3,2,1120,Mon May 19 00:00:00 EDT 2008,145000
4,2,1590,Mon May 19 00:00:00 EDT 2008,147000
3,2,1407,Mon May 19 00:00:00 EDT 2008,149600
5,2,1516,Mon May 19 00:00:00 EDT 2008,150000
2,2,0,Mon May 19 00:00:00 EDT 2008,150000
3,2,1646,Mon May 19 00:00:00 EDT 2008,150000
3,2,1676,Mon May 19 00:00:00 EDT 2008,155000
3,2,1370,Mon May 19 00:00:00 EDT 2008,155435
3,2,1370,Mon May 19 00:00:00 EDT 2008,155500
4,2,1351,Mon May 19 00:00:00 EDT 2008,158000
3,2,1152,Mon May 19 00:00:00 EDT 2008,158000
3,2,1452,Mon May 19 00:00:00 EDT 2008,160000
2,1,990,Mon May 19 00:00:00 EDT 2008,160000
2,2,1162,Mon May 19 00:00:00 EDT 2008,164000
3,2,1182,Mon May 19 00:00:00 EDT 2008,164000
2,2,1112,Mon May 19 00:00:00 EDT 2008,165000
3,2,1100,Mon May 19 00:00:00 EDT 2008,167000
4,2,1280,Mon May 19 00:00:00 EDT 2008,167293
4,2,1280,Mon May 19 00:00:00 EDT 2008,167293
3,1,1039,Mon May 19 00:00:00 EDT 2008,168000
3,2,1159,Mon May 19 00:00:00 EDT 2008,170000
4,2,1917,Mon May 19 00:00:00 EDT 2008,170000
3,2,1520,Mon May 19 00:00:00 EDT 2008,170000
3,2,1204,Mon May 19 00:00:00 EDT 2008,174000
3,2,1120,Mon May 19 00:00:00 EDT 2008,178000
3,2,1436,Mon May 19 00:00:00 EDT 2008,180000
3,2,1451,Mon May 19 00:00:00 EDT 2008,180000
4,2,1638,Mon May 19 00:00:00 EDT 2008,180000
2,2,1000,Mon May 19 00:00:00 EDT 2008,182000
3,1,1152,Mon May 19 00:00:00 EDT 2008,188325
3,2,1154,Mon May 19 00:00:00 EDT 2008,191500
3,2,1353,Mon May 19 00:00:00 EDT 2008,192000
3,2,1329,Mon May 19 00:00:00 EDT 2008,192700
3,1,1356,Mon May 19 00:00:00 EDT 2008,195000
3,2,1505,Mon May 19 00:00:00 EDT 2008,197654
3,1,1009,Mon May 19 00:00:00 EDT 2008,198000
3,2,1144,Mon May 19 00:00:00 EDT 2008,200345
2,1,930,Mon May 19 00:00:00 EDT 2008,203000
4,2,1766,Mon May 19 00:00:00 EDT 2008,207000
4,3,1940,Mon May 19 00:00:00 EDT 2008,208000
4,2,1776,Mon May 19 00:00:00 EDT 2008,210000
3,1,1258,Mon May 19 00:00:00 EDT 2008,212000
4,2,1872,Mon May 19 00:00:00 EDT 2008,213675
2,2,1112,Mon May 19 00:00:00 EDT 2008,213697
4,2,1856,Mon May 19 00:00:00 EDT 2008,215000
4,3,1939,Mon May 19 00:00:00 EDT 2008,215000
3,1,998,Mon May 19 00:00:00 EDT 2008,215100
3,2,1758,Mon May 19 00:00:00 EDT 2008,217500
3,2,2142,Mon May 19 00:00:00 EDT 2008,218000
2,1,950,Mon May 19 00:00:00 EDT 2008,220000
4,3,1739,Mon May 19 00:00:00 EDT 2008,221000
3,2,1516,Mon May 19 00:00:00 EDT 2008,222900
3,1,988,Mon May 19 00:00:00 EDT 2008,223139
4,2,1555,Mon May 19 00:00:00 EDT 2008,225500
3,2,1212,Mon May 19 00:00:00 EDT 2008,228327
4,2,1871,Mon May 19 00:00:00 EDT 2008,230000
3,2,1302,Mon May 19 00:00:00 EDT 2008,230000
2,1,756,Mon May 19 00:00:00 EDT 2008,230522
4,3,2026,Mon May 19 00:00:00 EDT 2008,231200
3,2,1375,Mon May 19 00:00:00 EDT 2008,232000
2,2,1250,Mon May 19 00:00:00 EDT 2008,232500
3,1,1058,Mon May 19 00:00:00 EDT 2008,233641
3,2,1187,Mon May 19 00:00:00 EDT 2008,234000
2,2,1324,Mon May 19 00:00:00 EDT 2008,234500
4,3,1936,Mon May 19 00:00:00 EDT 2008,235000
5,4,2382,Mon May 19 00:00:00 EDT 2008,236000
3,2,1427,Mon May 19 00:00:00 EDT 2008,236073
3,2,1678,Mon May 19 00:00:00 EDT 2008,238000
4,2,1798,Mon May 19 00:00:00 EDT 2008,238861
4,3,2652,Mon May 19 00:00:00 EDT 2008,239700
4,2,1816,Mon May 19 00:00:00 EDT 2008,240000
5,3,3076,Mon May 19 00:00:00 EDT 2008,240000
4,2,1844,Mon May 19 00:00:00 EDT 2008,241000
3,2,1306,Mon May 19 00:00:00 EDT 2008,245000
4,3,2447,Mon May 19 00:00:00 EDT 2008,246000
4,2,1176,Mon May 19 00:00:00 EDT 2008,247234
4,2,1182,Mon May 19 00:00:00 EDT 2008,247480
3,1,1160,Mon May 19 00:00:00 EDT 2008,249862
3,2,1424,Mon May 19 00:00:00 EDT 2008,251000
4,2,1574,Mon May 19 00:00:00 EDT 2008,252155
3,2,1830,Mon May 19 00:00:00 EDT 2008,254172
4,2,1724,Mon May 19 00:00:00 EDT 2008,258000
2,2,1255,Mon May 19 00:00:00 EDT 2008,260000
0,0,0,Mon May 19 00:00:00 EDT 2008,261000
4,3,2175,Mon May 19 00:00:00 EDT 2008,261000
4,2,1904,Mon May 19 00:00:00 EDT 2008,261000
4,2,1808,Mon May 19 00:00:00 EDT 2008,262500
4,2,2711,Mon May 19 00:00:00 EDT 2008,266000
3,1,1713,Mon May 19 00:00:00 EDT 2008,266000
3,2,1457,Mon May 19 00:00:00 EDT 2008,270000
4,3,2724,Mon May 19 00:00:00 EDT 2008,274425
0,0,0,Mon May 19 00:00:00 EDT 2008,274500
3,2,1468,Mon May 19 00:00:00 EDT 2008,275336
4,3,2550,Mon May 19 00:00:00 EDT 2008,277980
4,2,1928,Mon May 19 00:00:00 EDT 2008,280000
3,3,1922,Mon May 19 00:00:00 EDT 2008,284686
3,2,1343,Mon May 19 00:00:00 EDT 2008,284893
3,2,1510,Mon May 19 00:00:00 EDT 2008,285000
2,2,960,Mon May 19 00:00:00 EDT 2008,285000
4,2,1559,Mon May 19 00:00:00 EDT 2008,285000
3,2,1624,Mon May 19 00:00:00 EDT 2008,289000
5,3,2992,Mon May 19 00:00:00 EDT 2008,295000
4,2,2109,Mon May 19 00:00:00 EDT 2008,296000
4,2,1524,Mon May 19 00:00:00 EDT 2008,296056
3,2,1248,Mon May 19 00:00:00 EDT 2008,297359
4,2,1876,Mon May 19 00:00:00 EDT 2008,299940
5,3,0,Mon May 19 00:00:00 EDT 2008,304000
4,3,1851,Mon May 19 00:00:00 EDT 2008,305000
0,0,0,Mon May 19 00:00:00 EDT 2008,307000
4,2,2218,Mon May 19 00:00:00 EDT 2008,311328
3,2,1394,Mon May 19 00:00:00 EDT 2008,313138
3,2,1410,Mon May 19 00:00:00 EDT 2008,316630
5,3,3468,Mon May 19 00:00:00 EDT 2008,320000
5,3,2346,Mon May 19 00:00:00 EDT 2008,320000
5,3,2347,Mon May 19 00:00:00 EDT 2008,325000
4,2,1659,Mon May 19 00:00:00 EDT 2008,328578
3,3,2442,Mon May 19 00:00:00 EDT 2008,331000
0,0,0,Mon May 19 00:00:00 EDT 2008,331500
4,2,2155,Mon May 19 00:00:00 EDT 2008,340000
0,0,0,Mon May 19 00:00:00 EDT 2008,344755
3,2,1810,Mon May 19 00:00:00 EDT 2008,345746
4,2,2789,Mon May 19 00:00:00 EDT 2008,351000
4,2,1606,Mon May 19 00:00:00 EDT 2008,353767
0,0,0,Mon May 19 00:00:00 EDT 2008,355000
4,2,2166,Mon May 19 00:00:00 EDT 2008,356035
0,0,0,Mon May 19 00:00:00 EDT 2008,360000
4,2,1871,Mon May 19 00:00:00 EDT 2008,360552
3,2,1800,Mon May 19 00:00:00 EDT 2008,362305
3,1,1683,Mon May 19 00:00:00 EDT 2008,365000
3,2,0,Mon May 19 00:00:00 EDT 2008,367554
0,0,0,Mon May 19 00:00:00 EDT 2008,368500
2,2,1596,Mon May 19 00:00:00 EDT 2008,370000
4,2,0,Mon May 19 00:00:00 EDT 2008,371086
3,2,1179,Mon May 19 00:00:00 EDT 2008,378000
0,0,0,Mon May 19 00:00:00 EDT 2008,383000
3,1,1639,Mon May 19 00:00:00 EDT 2008,388000
5,3,3281,Mon May 19 00:00:00 EDT 2008,395100
3,2,1697,Mon May 19 00:00:00 EDT 2008,400000
3,2,0,Mon May 19 00:00:00 EDT 2008,400000
4,3,2085,Mon May 19 00:00:00 EDT 2008,408431
0,0,0,Mon May 19 00:00:00 EDT 2008,413000
4,2,1744,Mon May 19 00:00:00 EDT 2008,416767
4,3,0,Mon May 19 00:00:00 EDT 2008,420000
4,3,1939,Mon May 19 00:00:00 EDT 2008,423000
4,2,0,Mon May 19 00:00:00 EDT 2008,423000
2,3,1788,Mon May 19 00:00:00 EDT 2008,427500
3,2,1691,Mon May 19 00:00:00 EDT 2008,430922
4,2,2002,Mon May 19 00:00:00 EDT 2008,445000
4,4,4303,Mon May 19 00:00:00 EDT 2008,450000
5,3,4246,Mon May 19 00:00:00 EDT 2008,452000
3,2,2274,Mon May 19 00:00:00 EDT 2008,470000
4,3,0,Mon May 19 00:00:00 EDT 2008,471000
4,4,3056,Mon May 19 00:00:00 EDT 2008,475000
3,3,2503,Mon May 19 00:00:00 EDT 2008,484500
5,3,0,Mon May 19 00:00:00 EDT 2008,487500
3,3,0,Mon May 19 00:00:00 EDT 2008,488750
3,2,1905,Mon May 19 00:00:00 EDT 2008,500000
3,2,1320,Mon May 19 00:00:00 EDT 2008,506688
2,2,0,Mon May 19 00:00:00 EDT 2008,512000
5,3,0,Mon May 19 00:00:00 EDT 2008,520000
4,2,3037,Mon May 19 00:00:00 EDT 2008,528000
5,2,3741,Mon May 19 00:00:00 EDT 2008,579093
4,3,2660,Mon May 19 00:00:00 EDT 2008,636000
4,3,3357,Mon May 19 00:00:00 EDT 2008,668365
5,3,2896,Mon May 19 00:00:00 EDT 2008,676200
3,2,2025,Mon May 19 00:00:00 EDT 2008,677048
5,3,3788,Mon May 19 00:00:00 EDT 2008,691659
5,3,3670,Mon May 19 00:00:00 EDT 2008,760000
0,0,0,Mon May 19 00:00:00 EDT 2008,4897
0,0,0,Mon May 19 00:00:00 EDT 2008,4897
0,0,0,Mon May 19 00:00:00 EDT 2008,4897
0,0,0,Mon May 19 00:00:00 EDT 2008,4897
0,0,0,Mon May 19 00:00:00 EDT 2008,4897
0,0,0,Mon May 19 00:00:00 EDT 2008,4897
0,0,0,Mon May 19 00:00:00 EDT 2008,4897
0,0,0,Mon May 19 00:00:00 EDT 2008,4897
0,0,0,Mon May 19 00:00:00 EDT 2008,4897
0,0,0,Mon May 19 00:00:00 EDT 2008,4897
0,0,0,Mon May 19 00:00:00 EDT 2008,4897
0,0,0,Mon May 19 00:00:00 EDT 2008,4897
0,0,0,Mon May 19 00:00:00 EDT 2008,4897
0,0,0,Mon May 19 00:00:00 EDT 2008,4897
0,0,0,Mon May 19 00:00:00 EDT 2008,4897
0,0,0,Mon May 19 00:00:00 EDT 2008,4897
0,0,0,Mon May 19 00:00:00 EDT 2008,4897
0,0,0,Mon May 19 00:00:00 EDT 2008,4897
0,0,0,Mon May 19 00:00:00 EDT 2008,4897
0,0,0,Mon May 19 00:00:00 EDT 2008,4897
0,0,0,Mon May 19 00:00:00 EDT 2008,4897
0,0,0,Mon May 19 00:00:00 EDT 2008,4897
0,0,0,Mon May 19 00:00:00 EDT 2008,4897
0,0,0,Mon May 19 00:00:00 EDT 2008,4897
0,0,0,Mon May 19 00:00:00 EDT 2008,4897
4,2,0,Mon May 19 00:00:00 EDT 2008,4897
3,2,0,Mon May 19 00:00:00 EDT 2008,4897
3,2,0,Mon May 19 00:00:00 EDT 2008,4897
0,0,0,Mon May 19 00:00:00 EDT 2008,4897
0,0,0,Mon May 19 00:00:00 EDT 2008,4897
0,0,0,Mon May 19 00:00:00 EDT 2008,4897
0,0,0,Mon May 19 00:00:00 EDT 2008,4897
0,0,0,Mon May 19 00:00:00 EDT 2008,4897
0,0,0,Mon May 19 00:00:00 EDT 2008,4897
0,0,0,Mon May 19 00:00:00 EDT 2008,4897
0,0,0,Mon May 19 00:00:00 EDT 2008,4897
0,0,0,Mon May 19 00:00:00 EDT 2008,4897
0,0,0,Mon May 19 00:00:00 EDT 2008,4897
0,0,0,Mon May 19 00:00:00 EDT 2008,4897
0,0,0,Mon May 19 00:00:00 EDT 2008,4897
0,0,0,Mon May 19 00:00:00 EDT 2008,4897
0,0,0,Mon May 19 00:00:00 EDT 2008,4897
0,0,0,Mon May 19 00:00:00 EDT 2008,4897
0,0,0,Mon May 19 00:00:00 EDT 2008,4897
0,0,0,Mon May 19 00:00:00 EDT 2008,4897
0,0,0,Mon May 19 00:00:00 EDT 2008,4897
0,0,0,Mon May 19 00:00:00 EDT 2008,4897
0,0,0,Mon May 19 00:00:00 EDT 2008,4897
0,0,0,Mon May 19 00:00:00 EDT 2008,4897
3,2,1166,Fri May 16 00:00:00 EDT 2008,30000
0,0,0,Fri May 16 00:00:00 EDT 2008,30000
2,1,838,Fri May 16 00:00:00 EDT 2008,55422
2,1,904,Fri May 16 00:00:00 EDT 2008,63000
2,1,1032,Fri May 16 00:00:00 EDT 2008,65000
2,1,904,Fri May 16 00:00:00 EDT 2008,65000
2,1,1080,Fri May 16 00:00:00 EDT 2008,65000
2,2,990,Fri May 16 00:00:00 EDT 2008,66500
2,1,900,Fri May 16 00:00:00 EDT 2008,71000
2,1,861,Fri May 16 00:00:00 EDT 2008,75000
2,1,906,Fri May 16 00:00:00 EDT 2008,77000
2,1,1011,Fri May 16 00:00:00 EDT 2008,85000
3,2,1089,Fri May 16 00:00:00 EDT 2008,95625
2,1,832,Fri May 16 00:00:00 EDT 2008,96140
2,1,800,Fri May 16 00:00:00 EDT 2008,104250
4,2,1292,Fri May 16 00:00:00 EDT 2008,105000
2,1,810,Fri May 16 00:00:00 EDT 2008,108000
4,2,1064,Fri May 16 00:00:00 EDT 2008,109000
2,1,911,Fri May 16 00:00:00 EDT 2008,115000
1,1,846,Fri May 16 00:00:00 EDT 2008,115000
3,2,1320,Fri May 16 00:00:00 EDT 2008,115500
3,2,1410,Fri May 16 00:00:00 EDT 2008,115620
3,2,1115,Fri May 16 00:00:00 EDT 2008,116000
3,2,1169,Fri May 16 00:00:00 EDT 2008,122000
3,2,1164,Fri May 16 00:00:00 EDT 2008,122500
4,2,1341,Fri May 16 00:00:00 EDT 2008,123000
3,2,1219,Fri May 16 00:00:00 EDT 2008,124000
4,2,1127,Fri May 16 00:00:00 EDT 2008,124000
3,2,1272,Fri May 16 00:00:00 EDT 2008,124413
4,2,1253,Fri May 16 00:00:00 EDT 2008,125000
3,2,1120,Fri May 16 00:00:00 EDT 2008,130000
2,2,1118,Fri May 16 00:00:00 EDT 2008,131750
4,3,1890,Fri May 16 00:00:00 EDT 2008,137721
3,2,1260,Fri May 16 00:00:00 EDT 2008,137760
3,2,1400,Fri May 16 00:00:00 EDT 2008,138000
3,1,1264,Fri May 16 00:00:00 EDT 2008,140000
3,1,1060,Fri May 16 00:00:00 EDT 2008,145000
2,2,1132,Fri May 16 00:00:00 EDT 2008,145000
3,2,1466,Fri May 16 00:00:00 EDT 2008,150000
3,2,1092,Fri May 16 00:00:00 EDT 2008,150000
4,2,1628,Fri May 16 00:00:00 EDT 2008,151000
3,2,960,Fri May 16 00:00:00 EDT 2008,155000
3,2,1075,Fri May 16 00:00:00 EDT 2008,155800
3,2,1428,Fri May 16 00:00:00 EDT 2008,156142
4,2,1358,Fri May 16 00:00:00 EDT 2008,158000
6,4,2475,Fri May 16 00:00:00 EDT 2008,159900
3,2,1410,Fri May 16 00:00:00 EDT 2008,160000
3,2,1711,Fri May 16 00:00:00 EDT 2008,161500
4,2,1483,Fri May 16 00:00:00 EDT 2008,161600
3,2,1140,Fri May 16 00:00:00 EDT 2008,162000
4,2,1549,Fri May 16 00:00:00 EDT 2008,165000
3,2,1410,Fri May 16 00:00:00 EDT 2008,165000
3,2,1240,Fri May 16 00:00:00 EDT 2008,167293
5,2,1712,Fri May 16 00:00:00 EDT 2008,168000
4,2,1580,Fri May 16 00:00:00 EDT 2008,168000
3,2,1669,Fri May 16 00:00:00 EDT 2008,168750
3,1,1029,Fri May 16 00:00:00 EDT 2008,168750
3,1,1103,Fri May 16 00:00:00 EDT 2008,170000
3,2,2161,Fri May 16 00:00:00 EDT 2008,170250
3,2,1650,Fri May 16 00:00:00 EDT 2008,173000
3,1,1320,Fri May 16 00:00:00 EDT 2008,175000
3,2,1200,Fri May 16 00:00:00 EDT 2008,176095
3,2,1170,Fri May 16 00:00:00 EDT 2008,176250
3,2,1199,Fri May 16 00:00:00 EDT 2008,178000
4,2,1695,Fri May 16 00:00:00 EDT 2008,179000
3,2,1157,Fri May 16 00:00:00 EDT 2008,180000
3,2,1410,Fri May 16 00:00:00 EDT 2008,180000
3,2,1174,Fri May 16 00:00:00 EDT 2008,180000
3,2,1593,Fri May 16 00:00:00 EDT 2008,181000
3,2,1093,Fri May 16 00:00:00 EDT 2008,182000
3,2,1770,Fri May 16 00:00:00 EDT 2008,182587
4,2,1436,Fri May 16 00:00:00 EDT 2008,185074
3,2,1124,Fri May 16 00:00:00 EDT 2008,185833
4,2,1139,Fri May 16 00:00:00 EDT 2008,186785
3,2,1638,Fri May 16 00:00:00 EDT 2008,187000
3,2,1328,Fri May 16 00:00:00 EDT 2008,188335
3,2,1273,Fri May 16 00:00:00 EDT 2008,190000
3,1,1082,Fri May 16 00:00:00 EDT 2008,190000
4,2,1578,Fri May 16 00:00:00 EDT 2008,190000
2,1,796,Fri May 16 00:00:00 EDT 2008,190000
3,2,1386,Fri May 16 00:00:00 EDT 2008,191250
3,2,1452,Fri May 16 00:00:00 EDT 2008,193000
3,2,1513,Fri May 16 00:00:00 EDT 2008,193500
0,0,0,Fri May 16 00:00:00 EDT 2008,194818
4,2,1578,Fri May 16 00:00:00 EDT 2008,195000
4,3,1736,Fri May 16 00:00:00 EDT 2008,195000
2,2,0,Fri May 16 00:00:00 EDT 2008,195000
3,1,1473,Fri May 16 00:00:00 EDT 2008,195000
3,1,1150,Fri May 16 00:00:00 EDT 2008,198000
3,2,1127,Fri May 16 00:00:00 EDT 2008,199900
3,1,1144,Fri May 16 00:00:00 EDT 2008,200000
3,1,972,Fri May 16 00:00:00 EDT 2008,201000
4,2,2306,Fri May 16 00:00:00 EDT 2008,204918
3,2,1479,Fri May 16 00:00:00 EDT 2008,205000
2,1,1040,Fri May 16 00:00:00 EDT 2008,205000
3,2,1430,Fri May 16 00:00:00 EDT 2008,205878
4,2,1800,Fri May 16 00:00:00 EDT 2008,207000
4,2,1953,Fri May 16 00:00:00 EDT 2008,207744
3,2,1120,Fri May 16 00:00:00 EDT 2008,209000
3,2,1232,Fri May 16 00:00:00 EDT 2008,210000
1,1,-984,Fri May 16 00:00:00 EDT 2008,-210944
3,2,0,Fri May 16 00:00:00 EDT 2008,212500
4,2,2329,Fri May 16 00:00:00 EDT 2008,213750
3,2,1351,Fri May 16 00:00:00 EDT 2008,215000
2,2,0,Fri May 16 00:00:00 EDT 2008,215000
4,1,1376,Fri May 16 00:00:00 EDT 2008,215000
3,2,1300,Fri May 16 00:00:00 EDT 2008,216033
4,2,1566,Fri May 16 00:00:00 EDT 2008,220000
2,1,1115,Fri May 16 00:00:00 EDT 2008,220000
2,1,1032,Fri May 16 00:00:00 EDT 2008,220000
4,2,1419,Fri May 16 00:00:00 EDT 2008,220000
3,2,1261,Fri May 16 00:00:00 EDT 2008,220000
2,2,1637,Fri May 16 00:00:00 EDT 2008,220702
4,2,1776,Fri May 16 00:00:00 EDT 2008,221250
3,2,1338,Fri May 16 00:00:00 EDT 2008,222000
0,0,0,Fri May 16 00:00:00 EDT 2008,222500
5,2,2254,Fri May 16 00:00:00 EDT 2008,222750
3,2,1441,Fri May 16 00:00:00 EDT 2008,225000
4,2,1991,Fri May 16 00:00:00 EDT 2008,225000
4,3,2126,Fri May 16 00:00:00 EDT 2008,228750
3,2,1094,Fri May 16 00:00:00 EDT 2008,229000
3,2,1462,Fri May 16 00:00:00 EDT 2008,230095
5,3,2258,Fri May 16 00:00:00 EDT 2008,232500
3,2,1074,Fri May 16 00:00:00 EDT 2008,233000
4,2,2111,Fri May 16 00:00:00 EDT 2008,233500
3,2,1686,Fri May 16 00:00:00 EDT 2008,239000
4,3,1915,Fri May 16 00:00:00 EDT 2008,240000
4,2,2367,Fri May 16 00:00:00 EDT 2008,240000
3,2,1962,Fri May 16 00:00:00 EDT 2008,240971
2,2,1406,Fri May 16 00:00:00 EDT 2008,242000
3,2,1789,Fri May 16 00:00:00 EDT 2008,243450
4,2,1876,Fri May 16 00:00:00 EDT 2008,243500
3,2,1235,Fri May 16 00:00:00 EDT 2008,246544
4,2,2504,Fri May 16 00:00:00 EDT 2008,246750
0,0,0,Fri May 16 00:00:00 EDT 2008,247000
3,2,1676,Fri May 16 00:00:00 EDT 2008,247000
3,2,1367,Fri May 16 00:00:00 EDT 2008,249000
4,3,1899,Fri May 16 00:00:00 EDT 2008,249000
3,2,1636,Fri May 16 00:00:00 EDT 2008,250000
3,2,1828,Fri May 16 00:00:00 EDT 2008,250000
0,0,0,Fri May 16 00:00:00 EDT 2008,250000
4,2,1438,Fri May 16 00:00:00 EDT 2008,252000
3,2,1451,Fri May 16 00:00:00 EDT 2008,255000
3,1,1520,Fri May 16 00:00:00 EDT 2008,255000
3,2,1506,Fri May 16 00:00:00 EDT 2008,255000
4,2,2605,Fri May 16 00:00:00 EDT 2008,257200
3,2,1196,Fri May 16 00:00:00 EDT 2008,260000
3,2,1621,Fri May 16 00:00:00 EDT 2008,260000
3,2,1811,Fri May 16 00:00:00 EDT 2008,263500
3,2,1540,Fri May 16 00:00:00 EDT 2008,266510
4,2,0,Fri May 16 00:00:00 EDT 2008,267750
0,0,0,Fri May 16 00:00:00 EDT 2008,270000
0,0,0,Fri May 16 00:00:00 EDT 2008,271000
4,2,0,Fri May 16 00:00:00 EDT 2008,272700
0,0,0,Fri May 16 00:00:00 EDT 2008,275000
3,2,1543,Fri May 16 00:00:00 EDT 2008,275000
5,3,2494,Fri May 16 00:00:00 EDT 2008,276000
3,2,1650,Fri May 16 00:00:00 EDT 2008,276500
4,3,2214,Fri May 16 00:00:00 EDT 2008,278000
5,3,2280,Fri May 16 00:00:00 EDT 2008,279000
3,2,1443,Fri May 16 00:00:00 EDT 2008,280000
4,2,1582,Fri May 16 00:00:00 EDT 2008,280000
3,2,1857,Fri May 16 00:00:00 EDT 2008,285000
3,2,1735,Fri May 16 00:00:00 EDT 2008,288000
4,3,2096,Fri May 16 00:00:00 EDT 2008,289000
3,2,1720,Fri May 16 00:00:00 EDT 2008,290000
4,2,2160,Fri May 16 00:00:00 EDT 2008,290000
4,2,1382,Fri May 16 00:00:00 EDT 2008,293996
3,2,0,Fri May 16 00:00:00 EDT 2008,294000
4,2,1721,Fri May 16 00:00:00 EDT 2008,294173
4,2,1328,Fri May 16 00:00:00 EDT 2008,295000
0,0,0,Fri May 16 00:00:00 EDT 2008,298000
4,2,1982,Fri May 16 00:00:00 EDT 2008,298000
2,1,1144,Fri May 16 00:00:00 EDT 2008,299000
2,2,1623,Fri May 16 00:00:00 EDT 2008,300000
3,2,1457,Fri May 16 00:00:00 EDT 2008,300000
6,3,2555,Fri May 16 00:00:00 EDT 2008,300000
3,2,1577,Fri May 16 00:00:00 EDT 2008,300567
5,3,2592,Fri May 16 00:00:00 EDT 2008,303000
3,2,1401,Fri May 16 00:00:00 EDT 2008,305000
4,2,0,Fri May 16 00:00:00 EDT 2008,306000
3,2,1502,Fri May 16 00:00:00 EDT 2008,310000
3,2,1327,Fri May 16 00:00:00 EDT 2008,310000
4,3,1800,Fri May 16 00:00:00 EDT 2008,310000
4,2,2169,Fri May 16 00:00:00 EDT 2008,311518
5,3,2457,Fri May 16 00:00:00 EDT 2008,312000
0,0,0,Fri May 16 00:00:00 EDT 2008,313000
4,2,2004,Fri May 16 00:00:00 EDT 2008,315000
4,3,2212,Fri May 16 00:00:00 EDT 2008,315000
5,3,3134,Fri May 16 00:00:00 EDT 2008,315000
3,2,1360,Fri May 16 00:00:00 EDT 2008,315000
4,2,0,Fri May 16 00:00:00 EDT 2008,315000
3,2,1276,Fri May 16 00:00:00 EDT 2008,320000
4,3,2962,Fri May 16 00:00:00 EDT 2008,322000
4,2,1888,Fri May 16 00:00:00 EDT 2008,325000
0,0,0,Fri May 16 00:00:00 EDT 2008,325500
3,2,0,Fri May 16 00:00:00 EDT 2008,326951
3,2,1548,Fri May 16 00:00:00 EDT 2008,328370
2,2,0,Fri May 16 00:00:00 EDT 2008,330000
4,3,2109,Fri May 16 00:00:00 EDT 2008,330000
4,2,2484,Fri May 16 00:00:00 EDT 2008,331200
4,3,2258,Fri May 16 00:00:00 EDT 2008,332000
3,3,2212,Fri May 16 00:00:00 EDT 2008,334000
3,2,1616,Fri May 16 00:00:00 EDT 2008,335000
4,2,2372,Fri May 16 00:00:00 EDT 2008,341000
5,3,2606,Fri May 16 00:00:00 EDT 2008,346375
5,3,0,Fri May 16 00:00:00 EDT 2008,347225
5,3,2877,Fri May 16 00:00:00 EDT 2008,349000
3,2,2960,Fri May 16 00:00:00 EDT 2008,350000
2,2,0,Fri May 16 00:00:00 EDT 2008,350000
3,2,2172,Fri May 16 00:00:00 EDT 2008,350000
3,2,2100,Fri May 16 00:00:00 EDT 2008,350000
3,2,1795,Fri May 16 00:00:00 EDT 2008,351000
3,2,0,Fri May 16 00:00:00 EDT 2008,356200
4,2,2295,Fri May 16 00:00:00 EDT 2008,360000
4,3,2577,Fri May 16 00:00:00 EDT 2008,367463
0,0,0,Fri May 16 00:00:00 EDT 2008,375000
3,1,1727,Fri May 16 00:00:00 EDT 2008,380000
3,2,1485,Fri May 16 00:00:00 EDT 2008,380578
3,2,1655,Fri May 16 00:00:00 EDT 2008,386222
0,0,0,Fri May 16 00:00:00 EDT 2008,389000
0,0,0,Fri May 16 00:00:00 EDT 2008,390000
3,2,2049,Fri May 16 00:00:00 EDT 2008,395500
0,0,0,Fri May 16 00:00:00 EDT 2008,396000
5,3,2875,Fri May 16 00:00:00 EDT 2008,397000
0,0,0,Fri May 16 00:00:00 EDT 2008,400000
4,2,2199,Fri May 16 00:00:00 EDT 2008,400000
4,3,0,Fri May 16 00:00:00 EDT 2008,412500
2,1,1304,Fri May 16 00:00:00 EDT 2008,413500
3,2,2334,Fri May 16 00:00:00 EDT 2008,415000
4,3,2278,Fri May 16 00:00:00 EDT 2008,420454
3,1,1493,Fri May 16 00:00:00 EDT 2008,425000
3,2,0,Fri May 16 00:00:00 EDT 2008,425000
0,0,0,Fri May 16 00:00:00 EDT 2008,433500
5,3,0,Fri May 16 00:00:00 EDT 2008,438000
5,3,2787,Fri May 16 00:00:00 EDT 2008,441000
5,3,2824,Fri May 16 00:00:00 EDT 2008,445000
4,3,3261,Fri May 16 00:00:00 EDT 2008,446000
4,2,2053,Fri May 16 00:00:00 EDT 2008,450000
4,3,2379,Fri May 16 00:00:00 EDT 2008,455000
3,2,0,Fri May 16 00:00:00 EDT 2008,460000
3,2,0,Fri May 16 00:00:00 EDT 2008,475000
3,2,0,Fri May 16 00:00:00 EDT 2008,490000
4,2,0,Fri May 16 00:00:00 EDT 2008,493000
5,4,0,Fri May 16 00:00:00 EDT 2008,508000
0,0,0,Fri May 16 00:00:00 EDT 2008,511000
3,2,3173,Fri May 16 00:00:00 EDT 2008,525000
4,3,0,Fri May 16 00:00:00 EDT 2008,533000
3,1,1348,Fri May 16 00:00:00 EDT 2008,545000
4,3,0,Fri May 16 00:00:00 EDT 2008,560000
2,1,1252,Fri May 16 00:00:00 EDT 2008,575000
4,3,3229,Fri May 16 00:00:00 EDT 2008,575000
5,4,3863,Fri May 16 00:00:00 EDT 2008,598695
5,3,0,Fri May 16 00:00:00 EDT 2008,600000
4,3,0,Fri May 16 00:00:00 EDT 2008,600000
4,3,2356,Fri May 16 00:00:00 EDT 2008,600000
0,0,0,Fri May 16 00:00:00 EDT 2008,600000
5,3,3579,Fri May 16 00:00:00 EDT 2008,610000
0,0,0,Fri May 16 00:00:00 EDT 2008,622500
0,0,0,Fri May 16 00:00:00 EDT 2008,680000
4,3,0,Fri May 16 00:00:00 EDT 2008,879000
4,3,4400,Fri May 16 00:00:00 EDT 2008,884790
3,3,0,Fri May 16 00:00:00 EDT 2008,1551
3,4,5822,Fri May 16 00:00:00 EDT 2008,2000
4,2,1512,Thu May 15 00:00:00 EDT 2008,56950
1,1,611,Thu May 15 00:00:00 EDT 2008,60000
2,1,876,Thu May 15 00:00:00 EDT 2008,61000
2,1,933,Thu May 15 00:00:00 EDT 2008,62000
2,1,864,Thu May 15 00:00:00 EDT 2008,68566
2,1,1011,Thu May 15 00:00:00 EDT 2008,70000
4,2,1158,Thu May 15 00:00:00 EDT 2008,80000
3,2,1092,Thu May 15 00:00:00 EDT 2008,85500
2,1,956,Thu May 15 00:00:00 EDT 2008,92000
2,2,1139,Thu May 15 00:00:00 EDT 2008,93600
3,1,1058,Thu May 15 00:00:00 EDT 2008,95000
3,2,1040,Thu May 15 00:00:00 EDT 2008,97750
3,2,1354,Thu May 15 00:00:00 EDT 2008,104000
3,1,1051,Thu May 15 00:00:00 EDT 2008,105000
1,1,682,Thu May 15 00:00:00 EDT 2008,107666
3,1,1161,Thu May 15 00:00:00 EDT 2008,109000
3,1,1004,Thu May 15 00:00:00 EDT 2008,110000
3,1,1229,Thu May 15 00:00:00 EDT 2008,110000
3,2,1249,Thu May 15 00:00:00 EDT 2008,112500
3,2,1161,Thu May 15 00:00:00 EDT 2008,114800
3,1,1010,Thu May 15 00:00:00 EDT 2008,116000
0,0,0,Thu May 15 00:00:00 EDT 2008,119000
4,2,1462,Thu May 15 00:00:00 EDT 2008,121500
3,2,1269,Thu May 15 00:00:00 EDT 2008,122000
2,2,1188,Thu May 15 00:00:00 EDT 2008,123675
4,2,1570,Thu May 15 00:00:00 EDT 2008,126854
3,2,1093,Thu May 15 00:00:00 EDT 2008,127059
3,1,962,Thu May 15 00:00:00 EDT 2008,128687
3,2,1089,Thu May 15 00:00:00 EDT 2008,129500
3,2,1127,Thu May 15 00:00:00 EDT 2008,130000
4,2,1309,Thu May 15 00:00:00 EDT 2008,131750
2,1,970,Thu May 15 00:00:00 EDT 2008,132000
3,2,1144,Thu May 15 00:00:00 EDT 2008,134000
3,1,1000,Thu May 15 00:00:00 EDT 2008,134000
0,0,0,Thu May 15 00:00:00 EDT 2008,138000
3,2,1206,Thu May 15 00:00:00 EDT 2008,142000
3,1,1285,Thu May 15 00:00:00 EDT 2008,143012
3,2,1543,Thu May 15 00:00:00 EDT 2008,145846
2,1,884,Thu May 15 00:00:00 EDT 2008,147000
3,1,1019,Thu May 15 00:00:00 EDT 2008,148750
4,2,1392,Thu May 15 00:00:00 EDT 2008,150000
2,1,924,Thu May 15 00:00:00 EDT 2008,150454
3,2,1217,Thu May 15 00:00:00 EDT 2008,151087
3,2,1670,Thu May 15 00:00:00 EDT 2008,157296
3,2,1302,Thu May 15 00:00:00 EDT 2008,157500
3,2,1488,Thu May 15 00:00:00 EDT 2008,160000
3,2,1373,Thu May 15 00:00:00 EDT 2008,160000
4,2,1381,Thu May 15 00:00:00 EDT 2008,161250
3,2,1265,Thu May 15 00:00:00 EDT 2008,164000
2,1,881,Thu May 15 00:00:00 EDT 2008,165000
0,0,0,Thu May 15 00:00:00 EDT 2008,165000
4,2,1608,Thu May 15 00:00:00 EDT 2008,165750
3,1,1344,Thu May 15 00:00:00 EDT 2008,166000
3,2,1202,Thu May 15 00:00:00 EDT 2008,169000
3,2,1104,Thu May 15 00:00:00 EDT 2008,170000
2,2,0,Thu May 15 00:00:00 EDT 2008,170000
4,2,1859,Thu May 15 00:00:00 EDT 2008,170000
3,2,1232,Thu May 15 00:00:00 EDT 2008,170000
3,1,1638,Thu May 15 00:00:00 EDT 2008,170725
2,2,1177,Thu May 15 00:00:00 EDT 2008,171750
3,2,1582,Thu May 15 00:00:00 EDT 2008,172000
2,2,904,Thu May 15 00:00:00 EDT 2008,173056
3,2,1340,Thu May 15 00:00:00 EDT 2008,174000
3,2,1204,Thu May 15 00:00:00 EDT 2008,174250
4,2,1477,Thu May 15 00:00:00 EDT 2008,176850
4,2,1497,Thu May 15 00:00:00 EDT 2008,179500
3,1,960,Thu May 15 00:00:00 EDT 2008,185000
0,0,0,Thu May 15 00:00:00 EDT 2008,188000
3,2,1428,Thu May 15 00:00:00 EDT 2008,188700
3,1,1039,Thu May 15 00:00:00 EDT 2008,189000
3,1,1529,Thu May 15 00:00:00 EDT 2008,189000
4,3,1892,Thu May 15 00:00:00 EDT 2008,189836
4,2,1887,Thu May 15 00:00:00 EDT 2008,190000
3,2,1294,Thu May 15 00:00:00 EDT 2008,191250
3,2,1638,Thu May 15 00:00:00 EDT 2008,191675
3,2,1677,Thu May 15 00:00:00 EDT 2008,195500
3,1,1073,Thu May 15 00:00:00 EDT 2008,198000
3,2,1231,Thu May 15 00:00:00 EDT 2008,200000
3,2,1175,Thu May 15 00:00:00 EDT 2008,200000
3,2,1416,Thu May 15 00:00:00 EDT 2008,200000
0,0,0,Thu May 15 00:00:00 EDT 2008,200100
3,2,1358,Thu May 15 00:00:00 EDT 2008,201528
4,2,1609,Thu May 15 00:00:00 EDT 2008,204750
4,3,1968,Thu May 15 00:00:00 EDT 2008,205000
2,2,1089,Thu May 15 00:00:00 EDT 2008,205000
3,2,1296,Thu May 15 00:00:00 EDT 2008,205900
2,2,1189,Thu May 15 00:00:00 EDT 2008,207000
2,1,795,Thu May 15 00:00:00 EDT 2008,207973
3,2,1371,Thu May 15 00:00:00 EDT 2008,208250
3,1,1310,Thu May 15 00:00:00 EDT 2008,208318
3,2,1262,Thu May 15 00:00:00 EDT 2008,209347
4,2,1740,Thu May 15 00:00:00 EDT 2008,211500
3,2,1517,Thu May 15 00:00:00 EDT 2008,212000
3,2,1450,Thu May 15 00:00:00 EDT 2008,213000
3,2,1416,Thu May 15 00:00:00 EDT 2008,216000
3,1,888,Thu May 15 00:00:00 EDT 2008,216021
3,2,1882,Thu May 15 00:00:00 EDT 2008,219000
3,2,1302,Thu May 15 00:00:00 EDT 2008,219794
3,2,1418,Thu May 15 00:00:00 EDT 2008,220000
3,2,0,Thu May 15 00:00:00 EDT 2008,220000
4,2,1319,Thu May 15 00:00:00 EDT 2008,220000
4,2,1770,Thu May 15 00:00:00 EDT 2008,220000
4,2,1627,Thu May 15 00:00:00 EDT 2008,223000
0,0,0,Thu May 15 00:00:00 EDT 2008,224000
3,1,1040,Thu May 15 00:00:00 EDT 2008,224000
3,1,960,Thu May 15 00:00:00 EDT 2008,224252
3,2,0,Thu May 15 00:00:00 EDT 2008,224500
3,1,1456,Thu May 15 00:00:00 EDT 2008,225000
3,2,1450,Thu May 15 00:00:00 EDT 2008,228000
3,2,1358,Thu May 15 00:00:00 EDT 2008,229027
4,2,1329,Thu May 15 00:00:00 EDT 2008,229500
4,2,1715,Thu May 15 00:00:00 EDT 2008,230000
3,2,1262,Thu May 15 00:00:00 EDT 2008,230000
4,3,2280,Thu May 15 00:00:00 EDT 2008,232425
3,2,1477,Thu May 15 00:00:00 EDT 2008,234000
3,2,1216,Thu May 15 00:00:00 EDT 2008,235000
4,2,1685,Thu May 15 00:00:00 EDT 2008,235301
3,2,1362,Thu May 15 00:00:00 EDT 2008,235738
